id,y_true,prob,pred
00094,0,0.54969096,1
00009,1,0.500348,1
00020,1,0.50994295,1
00060,0,0.49857175,0
00067,0,0.48760122,0
00007,1,0.536177,1
00049,0,0.50238496,1
00078,1,0.48402727,0
00072,0,0.49800518,0
00004,1,0.5387022,1
00085,0,0.49447346,0
00016,1,0.5002011,1
